slug,label
SL,St. Lawrence River
HU,Lake Huron
SU,Lake Superior
MI,Lake Michigan
SC,Lake St. Clair
ER,Lake Erie
ON,Lake Ontario
IL,The State of Illinois
IN,The State of Indiana
MI,The State of Michigan
MN,The State of Minnesota
NY,The State of New York
OH,The State of Ohio
ON,The Province of Ontario
PA,The State of Pennsylvania
WI,The State of Wisconsin
sc_on,Ontario waters of Lake St Clair
sc_mi,Michigan waters of Lake St. Clair
on_on,Ontario waters of Lake Ontario
on_ny,New York waters of Lake Ontario
er_on,Ontario waters of Lake Erie
er_oh,Ohio waters of Lake Erie
er_mi,Michigan waters of Lake Erie
er_pa,Pennsylvania waters of Lake Erie
su_on,Ontario waters of Lake Superior
su_mi,Michigan waters of Lake Superior
su_mn,Minnesota waters of Lake Superior
su_wi,Wisconsin waters of Lake Superior
hu_mi,Michigan waters of Lake Huron
hu_on,Ontario waters of Lake Huron
mi_mi,Michigan waters of Lake Michigan
mi_in,Indiana waters of Lake Michigan
mi_wi,Wisconsin waters of Lake Michigan
er_ny,New York Waters of Lake Erie
mi_il,Illinois waters of Lake Michigan
er_1003,Lake Erie Grid: 1003
er_1004,Lake Erie Grid: 1004
er_1010,Lake Erie Grid: 1010
er_1104,Lake Erie Grid: 1104
er_123,Lake Erie Grid: 123
er_126,Lake Erie Grid: 126
er_225,Lake Erie Grid: 225
er_413,Lake Erie Grid: 413
er_516,Lake Erie Grid: 516
er_616,Lake Erie Grid: 616
er_802,Lake Erie Grid: 802
er_814,Lake Erie Grid: 814
hu_1010,Lake Huron Grid: 1010
hu_1016,Lake Huron Grid: 1016
hu_1116,Lake Huron Grid: 1116
hu_1219,Lake Huron Grid: 1219
hu_1319,Lake Huron Grid: 1319
hu_1412,Lake Huron Grid: 1412
hu_1608,Lake Huron Grid: 1608
hu_1819,Lake Huron Grid: 1819
hu_207,Lake Huron Grid: 207
hu_308,Lake Huron Grid: 308
hu_404,Lake Huron Grid: 404
hu_411,Lake Huron Grid: 411
hu_420,Lake Huron Grid: 420
hu_519,Lake Huron Grid: 519
hu_618,Lake Huron Grid: 618
hu_718,Lake Huron Grid: 718
hu_818,Lake Huron Grid: 818
hu_910,Lake Huron Grid: 910
mi_1001,Lake Michigan Grid: 1001
mi_1004,Lake Michigan Grid: 1004
mi_1010,Lake Michigan Grid: 1010
mi_1104,Lake Michigan Grid: 1104
mi_1402,Lake Michigan Grid: 1402
mi_1609,Lake Michigan Grid: 1609
mi_1702,Lake Michigan Grid: 1702
mi_1905,Lake Michigan Grid: 1905
mi_208,Lake Michigan Grid: 208
mi_2107,Lake Michigan Grid: 2107
mi_2308,Lake Michigan Grid: 2308
mi_2605,Lake Michigan Grid: 2605
mi_314,Lake Michigan Grid: 314
mi_504,Lake Michigan Grid: 504
mi_509,Lake Michigan Grid: 509
mi_604,Lake Michigan Grid: 604
mi_710,Lake Michigan Grid: 710
mi_902,Lake Michigan Grid: 902
mi_910,Lake Michigan Grid: 910
on_702,Lake Ontario Grid: 702
on_805,Lake Ontario Grid: 805
su_1027,Lake Superior Grid: 1027
su_1044,Lake Superior Grid: 1044
su_1111,Lake Superior Grid: 1111
su_1137,Lake Superior Grid: 1137
su_1215,Lake Superior Grid: 1215
su_1241,Lake Superior Grid: 1241
su_125,Lake Superior Grid: 125
su_1328,Lake Superior Grid: 1328
su_1405,Lake Superior Grid: 1405
su_1444,Lake Superior Grid: 1444
su_1512,Lake Superior Grid: 1512
su_322,Lake Superior Grid: 322
su_336,Lake Superior Grid: 336
su_433,Lake Superior Grid: 433
su_624,Lake Superior Grid: 624
su_633,Lake Superior Grid: 633
su_735,Lake Superior Grid: 735
su_811,Lake Superior Grid: 811
su_825,Lake Superior Grid: 825
su_911,Lake Superior Grid: 911
su_934,Lake Superior Grid: 934
hu_95,Lake Huron Grid: 95
on_216,Lake Ontario Grid: 216
on_217,Lake Ontario Grid: 217
on_218,Lake Ontario Grid: 218
on_219,Lake Ontario Grid: 219
on_220,Lake Ontario Grid: 220
on_222,Lake Ontario Grid: 222
on_223,Lake Ontario Grid: 223
on_314,Lake Ontario Grid: 314
on_315,Lake Ontario Grid: 315
on_316,Lake Ontario Grid: 316
on_317,Lake Ontario Grid: 317
on_318,Lake Ontario Grid: 318
on_319,Lake Ontario Grid: 319
on_320,Lake Ontario Grid: 320
on_321,Lake Ontario Grid: 321
on_322,Lake Ontario Grid: 322
on_323,Lake Ontario Grid: 323
on_324,Lake Ontario Grid: 324
on_408,Lake Ontario Grid: 408
on_409,Lake Ontario Grid: 409
on_410,Lake Ontario Grid: 410
on_411,Lake Ontario Grid: 411
on_412,Lake Ontario Grid: 412
on_413,Lake Ontario Grid: 413
on_414,Lake Ontario Grid: 414
on_415,Lake Ontario Grid: 415
on_416,Lake Ontario Grid: 416
on_417,Lake Ontario Grid: 417
on_418,Lake Ontario Grid: 418
on_419,Lake Ontario Grid: 419
on_420,Lake Ontario Grid: 420
on_421,Lake Ontario Grid: 421
on_422,Lake Ontario Grid: 422
on_423,Lake Ontario Grid: 423
on_424,Lake Ontario Grid: 424
on_505,Lake Ontario Grid: 505
on_506,Lake Ontario Grid: 506
on_507,Lake Ontario Grid: 507
on_508,Lake Ontario Grid: 508
on_509,Lake Ontario Grid: 509
on_510,Lake Ontario Grid: 510
on_511,Lake Ontario Grid: 511
on_512,Lake Ontario Grid: 512
on_513,Lake Ontario Grid: 513
on_514,Lake Ontario Grid: 514
on_515,Lake Ontario Grid: 515
on_516,Lake Ontario Grid: 516
on_517,Lake Ontario Grid: 517
on_518,Lake Ontario Grid: 518
on_519,Lake Ontario Grid: 519
on_520,Lake Ontario Grid: 520
on_521,Lake Ontario Grid: 521
on_522,Lake Ontario Grid: 522
on_523,Lake Ontario Grid: 523
on_604,Lake Ontario Grid: 604
on_605,Lake Ontario Grid: 605
on_606,Lake Ontario Grid: 606
on_607,Lake Ontario Grid: 607
on_608,Lake Ontario Grid: 608
on_609,Lake Ontario Grid: 609
on_610,Lake Ontario Grid: 610
on_611,Lake Ontario Grid: 611
on_612,Lake Ontario Grid: 612
on_613,Lake Ontario Grid: 613
on_614,Lake Ontario Grid: 614
on_615,Lake Ontario Grid: 615
on_616,Lake Ontario Grid: 616
on_617,Lake Ontario Grid: 617
on_618,Lake Ontario Grid: 618
on_619,Lake Ontario Grid: 619
on_620,Lake Ontario Grid: 620
on_621,Lake Ontario Grid: 621
on_622,Lake Ontario Grid: 622
on_623,Lake Ontario Grid: 623
on_703,Lake Ontario Grid: 703
on_705,Lake Ontario Grid: 705
on_706,Lake Ontario Grid: 706
on_707,Lake Ontario Grid: 707
on_708,Lake Ontario Grid: 708
on_709,Lake Ontario Grid: 709
on_710,Lake Ontario Grid: 710
on_711,Lake Ontario Grid: 711
on_712,Lake Ontario Grid: 712
on_713,Lake Ontario Grid: 713
on_714,Lake Ontario Grid: 714
on_715,Lake Ontario Grid: 715
on_716,Lake Ontario Grid: 716
on_717,Lake Ontario Grid: 717
on_718,Lake Ontario Grid: 718
er_127,Lake Erie Grid: 127
er_128,Lake Erie Grid: 128
er_220,Lake Erie Grid: 220
er_222,Lake Erie Grid: 222
er_223,Lake Erie Grid: 223
er_227,Lake Erie Grid: 227
er_228,Lake Erie Grid: 228
er_312,Lake Erie Grid: 312
er_313,Lake Erie Grid: 313
er_314,Lake Erie Grid: 314
er_315,Lake Erie Grid: 315
er_316,Lake Erie Grid: 316
er_317,Lake Erie Grid: 317
er_318,Lake Erie Grid: 318
er_319,Lake Erie Grid: 319
er_320,Lake Erie Grid: 320
er_321,Lake Erie Grid: 321
er_322,Lake Erie Grid: 322
er_323,Lake Erie Grid: 323
er_324,Lake Erie Grid: 324
er_325,Lake Erie Grid: 325
er_326,Lake Erie Grid: 326
er_327,Lake Erie Grid: 327
er_411,Lake Erie Grid: 411
er_412,Lake Erie Grid: 412
er_414,Lake Erie Grid: 414
er_415,Lake Erie Grid: 415
er_416,Lake Erie Grid: 416
er_417,Lake Erie Grid: 417
er_418,Lake Erie Grid: 418
er_419,Lake Erie Grid: 419
er_420,Lake Erie Grid: 420
er_421,Lake Erie Grid: 421
er_422,Lake Erie Grid: 422
er_423,Lake Erie Grid: 423
er_424,Lake Erie Grid: 424
er_425,Lake Erie Grid: 425
er_508,Lake Erie Grid: 508
er_509,Lake Erie Grid: 509
er_510,Lake Erie Grid: 510
er_511,Lake Erie Grid: 511
er_512,Lake Erie Grid: 512
er_513,Lake Erie Grid: 513
er_514,Lake Erie Grid: 514
er_515,Lake Erie Grid: 515
er_517,Lake Erie Grid: 517
er_518,Lake Erie Grid: 518
er_519,Lake Erie Grid: 519
er_520,Lake Erie Grid: 520
er_521,Lake Erie Grid: 521
er_522,Lake Erie Grid: 522
er_523,Lake Erie Grid: 523
er_524,Lake Erie Grid: 524
er_604,Lake Erie Grid: 604
er_605,Lake Erie Grid: 605
er_606,Lake Erie Grid: 606
er_607,Lake Erie Grid: 607
er_608,Lake Erie Grid: 608
er_609,Lake Erie Grid: 609
er_610,Lake Erie Grid: 610
er_611,Lake Erie Grid: 611
er_612,Lake Erie Grid: 612
er_613,Lake Erie Grid: 613
er_614,Lake Erie Grid: 614
er_615,Lake Erie Grid: 615
er_617,Lake Erie Grid: 617
er_618,Lake Erie Grid: 618
er_619,Lake Erie Grid: 619
er_620,Lake Erie Grid: 620
er_621,Lake Erie Grid: 621
er_703,Lake Erie Grid: 703
er_705,Lake Erie Grid: 705
er_706,Lake Erie Grid: 706
er_707,Lake Erie Grid: 707
er_708,Lake Erie Grid: 708
er_709,Lake Erie Grid: 709
er_710,Lake Erie Grid: 710
er_711,Lake Erie Grid: 711
er_712,Lake Erie Grid: 712
on_719,Lake Ontario Grid: 719
on_720,Lake Ontario Grid: 720
on_721,Lake Ontario Grid: 721
on_801,Lake Ontario Grid: 801
on_803,Lake Ontario Grid: 803
on_804,Lake Ontario Grid: 804
on_806,Lake Ontario Grid: 806
on_815,Lake Ontario Grid: 815
on_816,Lake Ontario Grid: 816
on_817,Lake Ontario Grid: 817
on_818,Lake Ontario Grid: 818
on_819,Lake Ontario Grid: 819
er_1005,Lake Erie Grid: 1005
er_1006,Lake Erie Grid: 1006
er_1007,Lake Erie Grid: 1007
er_1008,Lake Erie Grid: 1008
er_1009,Lake Erie Grid: 1009
er_1011,Lake Erie Grid: 1011
er_713,Lake Erie Grid: 713
er_714,Lake Erie Grid: 714
er_715,Lake Erie Grid: 715
er_716,Lake Erie Grid: 716
er_717,Lake Erie Grid: 717
er_718,Lake Erie Grid: 718
er_719,Lake Erie Grid: 719
er_801,Lake Erie Grid: 801
er_803,Lake Erie Grid: 803
er_804,Lake Erie Grid: 804
er_805,Lake Erie Grid: 805
er_806,Lake Erie Grid: 806
er_807,Lake Erie Grid: 807
er_808,Lake Erie Grid: 808
er_809,Lake Erie Grid: 809
er_810,Lake Erie Grid: 810
er_811,Lake Erie Grid: 811
er_812,Lake Erie Grid: 812
er_813,Lake Erie Grid: 813
er_815,Lake Erie Grid: 815
er_905,Lake Erie Grid: 905
er_906,Lake Erie Grid: 906
er_907,Lake Erie Grid: 907
er_908,Lake Erie Grid: 908
er_909,Lake Erie Grid: 909
er_910,Lake Erie Grid: 910
er_911,Lake Erie Grid: 911
er_912,Lake Erie Grid: 912
er_913,Lake Erie Grid: 913
hu_104,Lake Huron Grid: 104
hu_105,Lake Huron Grid: 105
hu_106,Lake Huron Grid: 106
hu_107,Lake Huron Grid: 107
hu_108,Lake Huron Grid: 108
hu_109,Lake Huron Grid: 109
hu_110,Lake Huron Grid: 110
hu_202,Lake Huron Grid: 202
hu_205,Lake Huron Grid: 205
hu_206,Lake Huron Grid: 206
hu_208,Lake Huron Grid: 208
hu_209,Lake Huron Grid: 209
hu_210,Lake Huron Grid: 210
hu_211,Lake Huron Grid: 211
hu_212,Lake Huron Grid: 212
hu_213,Lake Huron Grid: 213
hu_214,Lake Huron Grid: 214
hu_215,Lake Huron Grid: 215
hu_216,Lake Huron Grid: 216
hu_217,Lake Huron Grid: 217
hu_218,Lake Huron Grid: 218
hu_219,Lake Huron Grid: 219
hu_220,Lake Huron Grid: 220
hu_301,Lake Huron Grid: 301
hu_302,Lake Huron Grid: 302
hu_303,Lake Huron Grid: 303
hu_304,Lake Huron Grid: 304
hu_305,Lake Huron Grid: 305
hu_306,Lake Huron Grid: 306
hu_307,Lake Huron Grid: 307
hu_309,Lake Huron Grid: 309
hu_310,Lake Huron Grid: 310
hu_311,Lake Huron Grid: 311
hu_312,Lake Huron Grid: 312
hu_313,Lake Huron Grid: 313
hu_314,Lake Huron Grid: 314
hu_315,Lake Huron Grid: 315
hu_316,Lake Huron Grid: 316
hu_317,Lake Huron Grid: 317
hu_318,Lake Huron Grid: 318
hu_319,Lake Huron Grid: 319
hu_320,Lake Huron Grid: 320
hu_321,Lake Huron Grid: 321
hu_322,Lake Huron Grid: 322
hu_323,Lake Huron Grid: 323
hu_324,Lake Huron Grid: 324
hu_325,Lake Huron Grid: 325
hu_401,Lake Huron Grid: 401
hu_402,Lake Huron Grid: 402
hu_403,Lake Huron Grid: 403
hu_405,Lake Huron Grid: 405
hu_406,Lake Huron Grid: 406
hu_407,Lake Huron Grid: 407
hu_408,Lake Huron Grid: 408
hu_409,Lake Huron Grid: 409
hu_410,Lake Huron Grid: 410
hu_412,Lake Huron Grid: 412
hu_413,Lake Huron Grid: 413
hu_414,Lake Huron Grid: 414
hu_415,Lake Huron Grid: 415
hu_419,Lake Huron Grid: 419
hu_421,Lake Huron Grid: 421
hu_422,Lake Huron Grid: 422
hu_423,Lake Huron Grid: 423
hu_424,Lake Huron Grid: 424
hu_425,Lake Huron Grid: 425
hu_504,Lake Huron Grid: 504
hu_505,Lake Huron Grid: 505
hu_506,Lake Huron Grid: 506
hu_507,Lake Huron Grid: 507
hu_508,Lake Huron Grid: 508
hu_509,Lake Huron Grid: 509
hu_510,Lake Huron Grid: 510
hu_511,Lake Huron Grid: 511
hu_512,Lake Huron Grid: 512
hu_513,Lake Huron Grid: 513
hu_514,Lake Huron Grid: 514
hu_515,Lake Huron Grid: 515
hu_516,Lake Huron Grid: 516
hu_517,Lake Huron Grid: 517
hu_518,Lake Huron Grid: 518
hu_520,Lake Huron Grid: 520
hu_521,Lake Huron Grid: 521
hu_522,Lake Huron Grid: 522
hu_523,Lake Huron Grid: 523
hu_524,Lake Huron Grid: 524
hu_525,Lake Huron Grid: 525
hu_526,Lake Huron Grid: 526
hu_527,Lake Huron Grid: 527
hu_606,Lake Huron Grid: 606
hu_607,Lake Huron Grid: 607
hu_608,Lake Huron Grid: 608
hu_609,Lake Huron Grid: 609
hu_610,Lake Huron Grid: 610
hu_611,Lake Huron Grid: 611
hu_612,Lake Huron Grid: 612
hu_613,Lake Huron Grid: 613
hu_614,Lake Huron Grid: 614
hu_615,Lake Huron Grid: 615
hu_616,Lake Huron Grid: 616
hu_617,Lake Huron Grid: 617
hu_619,Lake Huron Grid: 619
hu_620,Lake Huron Grid: 620
hu_621,Lake Huron Grid: 621
hu_622,Lake Huron Grid: 622
hu_623,Lake Huron Grid: 623
hu_624,Lake Huron Grid: 624
hu_625,Lake Huron Grid: 625
hu_626,Lake Huron Grid: 626
hu_627,Lake Huron Grid: 627
hu_628,Lake Huron Grid: 628
hu_629,Lake Huron Grid: 629
hu_709,Lake Huron Grid: 709
hu_710,Lake Huron Grid: 710
hu_711,Lake Huron Grid: 711
hu_712,Lake Huron Grid: 712
hu_713,Lake Huron Grid: 713
hu_714,Lake Huron Grid: 714
hu_715,Lake Huron Grid: 715
hu_716,Lake Huron Grid: 716
hu_717,Lake Huron Grid: 717
hu_719,Lake Huron Grid: 719
hu_720,Lake Huron Grid: 720
hu_721,Lake Huron Grid: 721
hu_722,Lake Huron Grid: 722
hu_723,Lake Huron Grid: 723
hu_724,Lake Huron Grid: 724
hu_725,Lake Huron Grid: 725
hu_726,Lake Huron Grid: 726
hu_727,Lake Huron Grid: 727
hu_728,Lake Huron Grid: 728
hu_729,Lake Huron Grid: 729
hu_809,Lake Huron Grid: 809
hu_810,Lake Huron Grid: 810
hu_811,Lake Huron Grid: 811
hu_812,Lake Huron Grid: 812
hu_813,Lake Huron Grid: 813
hu_814,Lake Huron Grid: 814
hu_815,Lake Huron Grid: 815
hu_816,Lake Huron Grid: 816
hu_817,Lake Huron Grid: 817
hu_819,Lake Huron Grid: 819
hu_820,Lake Huron Grid: 820
hu_822,Lake Huron Grid: 822
hu_823,Lake Huron Grid: 823
hu_824,Lake Huron Grid: 824
su_124,Lake Superior Grid: 124
hu_1011,Lake Huron Grid: 1011
hu_1012,Lake Huron Grid: 1012
hu_1013,Lake Huron Grid: 1013
hu_1014,Lake Huron Grid: 1014
hu_1015,Lake Huron Grid: 1015
hu_1017,Lake Huron Grid: 1017
hu_1018,Lake Huron Grid: 1018
hu_1019,Lake Huron Grid: 1019
hu_1020,Lake Huron Grid: 1020
hu_1021,Lake Huron Grid: 1021
hu_1022,Lake Huron Grid: 1022
hu_1023,Lake Huron Grid: 1023
hu_1024,Lake Huron Grid: 1024
hu_1025,Lake Huron Grid: 1025
hu_1026,Lake Huron Grid: 1026
hu_1027,Lake Huron Grid: 1027
hu_1028,Lake Huron Grid: 1028
hu_1029,Lake Huron Grid: 1029
hu_1031,Lake Huron Grid: 1031
hu_1110,Lake Huron Grid: 1110
hu_1111,Lake Huron Grid: 1111
hu_1112,Lake Huron Grid: 1112
hu_1113,Lake Huron Grid: 1113
hu_1114,Lake Huron Grid: 1114
hu_1115,Lake Huron Grid: 1115
hu_1117,Lake Huron Grid: 1117
hu_1118,Lake Huron Grid: 1118
hu_1119,Lake Huron Grid: 1119
hu_1120,Lake Huron Grid: 1120
hu_1121,Lake Huron Grid: 1121
hu_1122,Lake Huron Grid: 1122
hu_1124,Lake Huron Grid: 1124
hu_1126,Lake Huron Grid: 1126
hu_1127,Lake Huron Grid: 1127
hu_1128,Lake Huron Grid: 1128
hu_1129,Lake Huron Grid: 1129
hu_1210,Lake Huron Grid: 1210
hu_1211,Lake Huron Grid: 1211
hu_1212,Lake Huron Grid: 1212
hu_1213,Lake Huron Grid: 1213
hu_1214,Lake Huron Grid: 1214
hu_1215,Lake Huron Grid: 1215
hu_1216,Lake Huron Grid: 1216
hu_1217,Lake Huron Grid: 1217
hu_1218,Lake Huron Grid: 1218
hu_1220,Lake Huron Grid: 1220
hu_1221,Lake Huron Grid: 1221
hu_1308,Lake Huron Grid: 1308
hu_1309,Lake Huron Grid: 1309
hu_1310,Lake Huron Grid: 1310
hu_1311,Lake Huron Grid: 1311
hu_1312,Lake Huron Grid: 1312
hu_1313,Lake Huron Grid: 1313
hu_1314,Lake Huron Grid: 1314
hu_1315,Lake Huron Grid: 1315
hu_1316,Lake Huron Grid: 1316
hu_1317,Lake Huron Grid: 1317
hu_1318,Lake Huron Grid: 1318
hu_825,Lake Huron Grid: 825
hu_826,Lake Huron Grid: 826
hu_827,Lake Huron Grid: 827
hu_828,Lake Huron Grid: 828
hu_829,Lake Huron Grid: 829
hu_830,Lake Huron Grid: 830
hu_909,Lake Huron Grid: 909
hu_911,Lake Huron Grid: 911
hu_912,Lake Huron Grid: 912
hu_913,Lake Huron Grid: 913
hu_914,Lake Huron Grid: 914
hu_915,Lake Huron Grid: 915
hu_916,Lake Huron Grid: 916
hu_917,Lake Huron Grid: 917
hu_918,Lake Huron Grid: 918
hu_919,Lake Huron Grid: 919
hu_920,Lake Huron Grid: 920
hu_921,Lake Huron Grid: 921
hu_923,Lake Huron Grid: 923
hu_924,Lake Huron Grid: 924
hu_925,Lake Huron Grid: 925
hu_926,Lake Huron Grid: 926
hu_927,Lake Huron Grid: 927
hu_928,Lake Huron Grid: 928
hu_929,Lake Huron Grid: 929
hu_930,Lake Huron Grid: 930
hu_931,Lake Huron Grid: 931
su_1346,Lake Superior Grid: 1346
su_1401,Lake Superior Grid: 1401
su_1438,Lake Superior Grid: 1438
su_1511,Lake Superior Grid: 1511
su_1633,Lake Superior Grid: 1633
su_1644,Lake Superior Grid: 1644
hu_1320,Lake Huron Grid: 1320
hu_1408,Lake Huron Grid: 1408
hu_1409,Lake Huron Grid: 1409
hu_1410,Lake Huron Grid: 1410
hu_1411,Lake Huron Grid: 1411
hu_1413,Lake Huron Grid: 1413
hu_1414,Lake Huron Grid: 1414
hu_1415,Lake Huron Grid: 1415
hu_1416,Lake Huron Grid: 1416
hu_1417,Lake Huron Grid: 1417
hu_1418,Lake Huron Grid: 1418
hu_1419,Lake Huron Grid: 1419
hu_1506,Lake Huron Grid: 1506
hu_1507,Lake Huron Grid: 1507
hu_1508,Lake Huron Grid: 1508
hu_1509,Lake Huron Grid: 1509
hu_1513,Lake Huron Grid: 1513
hu_1514,Lake Huron Grid: 1514
hu_1515,Lake Huron Grid: 1515
hu_1516,Lake Huron Grid: 1516
hu_1517,Lake Huron Grid: 1517
hu_1518,Lake Huron Grid: 1518
hu_1519,Lake Huron Grid: 1519
hu_1606,Lake Huron Grid: 1606
hu_1607,Lake Huron Grid: 1607
hu_1609,Lake Huron Grid: 1609
hu_1614,Lake Huron Grid: 1614
hu_1615,Lake Huron Grid: 1615
hu_1616,Lake Huron Grid: 1616
hu_1617,Lake Huron Grid: 1617
hu_1618,Lake Huron Grid: 1618
hu_1619,Lake Huron Grid: 1619
hu_1707,Lake Huron Grid: 1707
hu_1708,Lake Huron Grid: 1708
hu_1714,Lake Huron Grid: 1714
hu_1715,Lake Huron Grid: 1715
hu_1716,Lake Huron Grid: 1716
hu_1717,Lake Huron Grid: 1717
hu_1718,Lake Huron Grid: 1718
hu_1719,Lake Huron Grid: 1719
hu_1814,Lake Huron Grid: 1814
hu_1815,Lake Huron Grid: 1815
hu_1816,Lake Huron Grid: 1816
hu_1817,Lake Huron Grid: 1817
hu_1818,Lake Huron Grid: 1818
hu_1915,Lake Huron Grid: 1915
hu_1916,Lake Huron Grid: 1916
hu_1917,Lake Huron Grid: 1917
hu_1918,Lake Huron Grid: 1918
hu_1919,Lake Huron Grid: 1919
hu_2015,Lake Huron Grid: 2015
hu_2016,Lake Huron Grid: 2016
hu_2017,Lake Huron Grid: 2017
mi_115,Lake Michigan Grid: 115
mi_117,Lake Michigan Grid: 117
mi_212,Lake Michigan Grid: 212
mi_213,Lake Michigan Grid: 213
mi_214,Lake Michigan Grid: 214
mi_215,Lake Michigan Grid: 215
mi_216,Lake Michigan Grid: 216
mi_217,Lake Michigan Grid: 217
mi_218,Lake Michigan Grid: 218
mi_311,Lake Michigan Grid: 311
mi_312,Lake Michigan Grid: 312
mi_313,Lake Michigan Grid: 313
mi_317,Lake Michigan Grid: 317
mi_318,Lake Michigan Grid: 318
mi_405,Lake Michigan Grid: 405
mi_406,Lake Michigan Grid: 406
mi_407,Lake Michigan Grid: 407
mi_408,Lake Michigan Grid: 408
mi_409,Lake Michigan Grid: 409
mi_410,Lake Michigan Grid: 410
mi_411,Lake Michigan Grid: 411
mi_412,Lake Michigan Grid: 412
mi_413,Lake Michigan Grid: 413
mi_414,Lake Michigan Grid: 414
mi_415,Lake Michigan Grid: 415
mi_416,Lake Michigan Grid: 416
mi_417,Lake Michigan Grid: 417
mi_418,Lake Michigan Grid: 418
mi_419,Lake Michigan Grid: 419
mi_505,Lake Michigan Grid: 505
mi_506,Lake Michigan Grid: 506
mi_508,Lake Michigan Grid: 508
mi_510,Lake Michigan Grid: 510
mi_511,Lake Michigan Grid: 511
mi_512,Lake Michigan Grid: 512
mi_513,Lake Michigan Grid: 513
mi_514,Lake Michigan Grid: 514
su_1326,Lake Superior Grid: 1326
mi_1005,Lake Michigan Grid: 1005
mi_1006,Lake Michigan Grid: 1006
mi_1007,Lake Michigan Grid: 1007
mi_1008,Lake Michigan Grid: 1008
mi_1009,Lake Michigan Grid: 1009
mi_1011,Lake Michigan Grid: 1011
mi_1105,Lake Michigan Grid: 1105
mi_1106,Lake Michigan Grid: 1106
mi_1107,Lake Michigan Grid: 1107
mi_1108,Lake Michigan Grid: 1108
mi_1109,Lake Michigan Grid: 1109
mi_1110,Lake Michigan Grid: 1110
mi_1205,Lake Michigan Grid: 1205
mi_1206,Lake Michigan Grid: 1206
mi_1207,Lake Michigan Grid: 1207
mi_1208,Lake Michigan Grid: 1208
mi_1209,Lake Michigan Grid: 1209
mi_1210,Lake Michigan Grid: 1210
mi_1211,Lake Michigan Grid: 1211
mi_1304,Lake Michigan Grid: 1304
mi_1305,Lake Michigan Grid: 1305
mi_1306,Lake Michigan Grid: 1306
mi_1307,Lake Michigan Grid: 1307
mi_1308,Lake Michigan Grid: 1308
mi_1310,Lake Michigan Grid: 1310
mi_1403,Lake Michigan Grid: 1403
mi_1404,Lake Michigan Grid: 1404
mi_1405,Lake Michigan Grid: 1405
mi_1406,Lake Michigan Grid: 1406
mi_1407,Lake Michigan Grid: 1407
mi_1408,Lake Michigan Grid: 1408
mi_1409,Lake Michigan Grid: 1409
mi_1410,Lake Michigan Grid: 1410
mi_1502,Lake Michigan Grid: 1502
mi_1503,Lake Michigan Grid: 1503
mi_1504,Lake Michigan Grid: 1504
mi_1505,Lake Michigan Grid: 1505
mi_1506,Lake Michigan Grid: 1506
mi_1507,Lake Michigan Grid: 1507
mi_1508,Lake Michigan Grid: 1508
mi_1509,Lake Michigan Grid: 1509
mi_1510,Lake Michigan Grid: 1510
mi_1602,Lake Michigan Grid: 1602
mi_1603,Lake Michigan Grid: 1603
mi_1604,Lake Michigan Grid: 1604
mi_515,Lake Michigan Grid: 515
mi_516,Lake Michigan Grid: 516
mi_517,Lake Michigan Grid: 517
mi_518,Lake Michigan Grid: 518
mi_519,Lake Michigan Grid: 519
mi_606,Lake Michigan Grid: 606
mi_608,Lake Michigan Grid: 608
mi_609,Lake Michigan Grid: 609
mi_610,Lake Michigan Grid: 610
mi_611,Lake Michigan Grid: 611
mi_612,Lake Michigan Grid: 612
mi_613,Lake Michigan Grid: 613
mi_614,Lake Michigan Grid: 614
mi_615,Lake Michigan Grid: 615
mi_703,Lake Michigan Grid: 703
mi_705,Lake Michigan Grid: 705
mi_706,Lake Michigan Grid: 706
mi_707,Lake Michigan Grid: 707
mi_708,Lake Michigan Grid: 708
mi_709,Lake Michigan Grid: 709
mi_711,Lake Michigan Grid: 711
mi_712,Lake Michigan Grid: 712
mi_713,Lake Michigan Grid: 713
mi_715,Lake Michigan Grid: 715
mi_716,Lake Michigan Grid: 716
mi_805,Lake Michigan Grid: 805
mi_806,Lake Michigan Grid: 806
mi_807,Lake Michigan Grid: 807
mi_808,Lake Michigan Grid: 808
mi_809,Lake Michigan Grid: 809
mi_810,Lake Michigan Grid: 810
mi_811,Lake Michigan Grid: 811
mi_812,Lake Michigan Grid: 812
mi_813,Lake Michigan Grid: 813
mi_814,Lake Michigan Grid: 814
mi_901,Lake Michigan Grid: 901
mi_906,Lake Michigan Grid: 906
mi_907,Lake Michigan Grid: 907
mi_908,Lake Michigan Grid: 908
mi_909,Lake Michigan Grid: 909
mi_911,Lake Michigan Grid: 911
mi_912,Lake Michigan Grid: 912
mi_915,Lake Michigan Grid: 915
su_335,Lake Superior Grid: 335
su_741,Lake Superior Grid: 741
su_844,Lake Superior Grid: 844
mi_1605,Lake Michigan Grid: 1605
mi_1606,Lake Michigan Grid: 1606
mi_1607,Lake Michigan Grid: 1607
mi_1608,Lake Michigan Grid: 1608
mi_1701,Lake Michigan Grid: 1701
mi_1703,Lake Michigan Grid: 1703
mi_1704,Lake Michigan Grid: 1704
mi_1705,Lake Michigan Grid: 1705
mi_1706,Lake Michigan Grid: 1706
mi_1707,Lake Michigan Grid: 1707
mi_1708,Lake Michigan Grid: 1708
mi_1709,Lake Michigan Grid: 1709
mi_1710,Lake Michigan Grid: 1710
mi_1802,Lake Michigan Grid: 1802
mi_1803,Lake Michigan Grid: 1803
mi_1804,Lake Michigan Grid: 1804
mi_1805,Lake Michigan Grid: 1805
mi_1806,Lake Michigan Grid: 1806
mi_1807,Lake Michigan Grid: 1807
mi_1808,Lake Michigan Grid: 1808
mi_1809,Lake Michigan Grid: 1809
mi_1901,Lake Michigan Grid: 1901
mi_1902,Lake Michigan Grid: 1902
mi_1903,Lake Michigan Grid: 1903
mi_1904,Lake Michigan Grid: 1904
mi_1906,Lake Michigan Grid: 1906
mi_1907,Lake Michigan Grid: 1907
mi_1908,Lake Michigan Grid: 1908
mi_1909,Lake Michigan Grid: 1909
mi_1910,Lake Michigan Grid: 1910
mi_1911,Lake Michigan Grid: 1911
mi_2003,Lake Michigan Grid: 2003
mi_2004,Lake Michigan Grid: 2004
mi_2005,Lake Michigan Grid: 2005
mi_2006,Lake Michigan Grid: 2006
mi_2007,Lake Michigan Grid: 2007
mi_2008,Lake Michigan Grid: 2008
mi_2009,Lake Michigan Grid: 2009
mi_2010,Lake Michigan Grid: 2010
mi_2011,Lake Michigan Grid: 2011
mi_2102,Lake Michigan Grid: 2102
mi_2103,Lake Michigan Grid: 2103
mi_2104,Lake Michigan Grid: 2104
mi_2105,Lake Michigan Grid: 2105
mi_2106,Lake Michigan Grid: 2106
mi_2108,Lake Michigan Grid: 2108
mi_2109,Lake Michigan Grid: 2109
mi_2110,Lake Michigan Grid: 2110
mi_2111,Lake Michigan Grid: 2111
mi_2202,Lake Michigan Grid: 2202
mi_2203,Lake Michigan Grid: 2203
mi_2204,Lake Michigan Grid: 2204
mi_2205,Lake Michigan Grid: 2205
mi_2206,Lake Michigan Grid: 2206
mi_2207,Lake Michigan Grid: 2207
mi_2208,Lake Michigan Grid: 2208
mi_2209,Lake Michigan Grid: 2209
mi_2210,Lake Michigan Grid: 2210
mi_2211,Lake Michigan Grid: 2211
mi_2302,Lake Michigan Grid: 2302
mi_2303,Lake Michigan Grid: 2303
mi_2304,Lake Michigan Grid: 2304
mi_2305,Lake Michigan Grid: 2305
mi_2306,Lake Michigan Grid: 2306
mi_2307,Lake Michigan Grid: 2307
mi_2309,Lake Michigan Grid: 2309
mi_2310,Lake Michigan Grid: 2310
mi_2311,Lake Michigan Grid: 2311
mi_2402,Lake Michigan Grid: 2402
mi_2403,Lake Michigan Grid: 2403
mi_2404,Lake Michigan Grid: 2404
mi_2405,Lake Michigan Grid: 2405
mi_2406,Lake Michigan Grid: 2406
mi_2407,Lake Michigan Grid: 2407
mi_2408,Lake Michigan Grid: 2408
mi_2409,Lake Michigan Grid: 2409
mi_2502,Lake Michigan Grid: 2502
mi_2503,Lake Michigan Grid: 2503
mi_2504,Lake Michigan Grid: 2504
mi_2505,Lake Michigan Grid: 2505
mi_2506,Lake Michigan Grid: 2506
mi_2507,Lake Michigan Grid: 2507
mi_2508,Lake Michigan Grid: 2508
mi_2509,Lake Michigan Grid: 2509
mi_2604,Lake Michigan Grid: 2604
mi_2606,Lake Michigan Grid: 2606
mi_2607,Lake Michigan Grid: 2607
mi_2608,Lake Michigan Grid: 2608
mi_2609,Lake Michigan Grid: 2609
mi_2708,Lake Michigan Grid: 2708
mi_905,Lake Michigan Grid: 905
mi_1111,Lake Michigan Grid: 1111
mi_118,Lake Michigan Grid: 118
mi_1204,Lake Michigan Grid: 1204
mi_1303,Lake Michigan Grid: 1303
mi_1309,Lake Michigan Grid: 1309
mi_1801,Lake Michigan Grid: 1801
mi_1810,Lake Michigan Grid: 1810
mi_2002,Lake Michigan Grid: 2002
mi_211,Lake Michigan Grid: 211
mi_219,Lake Michigan Grid: 219
mi_220,Lake Michigan Grid: 220
mi_2410,Lake Michigan Grid: 2410
mi_2603,Lake Michigan Grid: 2603
mi_2704,Lake Michigan Grid: 2704
mi_2705,Lake Michigan Grid: 2705
mi_2706,Lake Michigan Grid: 2706
mi_306,Lake Michigan Grid: 306
mi_308,Lake Michigan Grid: 308
mi_309,Lake Michigan Grid: 309
mi_310,Lake Michigan Grid: 310
mi_315,Lake Michigan Grid: 315
mi_316,Lake Michigan Grid: 316
mi_319,Lake Michigan Grid: 319
mi_320,Lake Michigan Grid: 320
mi_507,Lake Michigan Grid: 507
mi_605,Lake Michigan Grid: 605
mi_607,Lake Michigan Grid: 607
mi_616,Lake Michigan Grid: 616
mi_704,Lake Michigan Grid: 704
mi_714,Lake Michigan Grid: 714
mi_802,Lake Michigan Grid: 802
mi_803,Lake Michigan Grid: 803
mi_804,Lake Michigan Grid: 804
mi_815,Lake Michigan Grid: 815
mi_816,Lake Michigan Grid: 816
mi_916,Lake Michigan Grid: 916
su_126,Lake Superior Grid: 126
su_129,Lake Superior Grid: 129
su_222,Lake Superior Grid: 222
su_227,Lake Superior Grid: 227
su_229,Lake Superior Grid: 229
su_230,Lake Superior Grid: 230
su_233,Lake Superior Grid: 233
su_234,Lake Superior Grid: 234
su_235,Lake Superior Grid: 235
su_323,Lake Superior Grid: 323
su_325,Lake Superior Grid: 325
su_326,Lake Superior Grid: 326
su_327,Lake Superior Grid: 327
su_328,Lake Superior Grid: 328
su_329,Lake Superior Grid: 329
su_330,Lake Superior Grid: 330
su_333,Lake Superior Grid: 333
su_334,Lake Superior Grid: 334
su_421,Lake Superior Grid: 421
su_422,Lake Superior Grid: 422
su_424,Lake Superior Grid: 424
su_425,Lake Superior Grid: 425
su_426,Lake Superior Grid: 426
su_427,Lake Superior Grid: 427
su_428,Lake Superior Grid: 428
su_429,Lake Superior Grid: 429
su_430,Lake Superior Grid: 430
su_431,Lake Superior Grid: 431
su_432,Lake Superior Grid: 432
su_434,Lake Superior Grid: 434
su_435,Lake Superior Grid: 435
su_436,Lake Superior Grid: 436
su_518,Lake Superior Grid: 518
su_519,Lake Superior Grid: 519
su_524,Lake Superior Grid: 524
su_525,Lake Superior Grid: 525
su_526,Lake Superior Grid: 526
su_527,Lake Superior Grid: 527
su_528,Lake Superior Grid: 528
su_529,Lake Superior Grid: 529
su_530,Lake Superior Grid: 530
su_531,Lake Superior Grid: 531
su_532,Lake Superior Grid: 532
su_533,Lake Superior Grid: 533
su_534,Lake Superior Grid: 534
su_535,Lake Superior Grid: 535
su_536,Lake Superior Grid: 536
su_618,Lake Superior Grid: 618
su_623,Lake Superior Grid: 623
su_625,Lake Superior Grid: 625
su_626,Lake Superior Grid: 626
su_627,Lake Superior Grid: 627
su_628,Lake Superior Grid: 628
su_629,Lake Superior Grid: 629
su_630,Lake Superior Grid: 630
on_221,Lake Ontario Grid: 221
on_224,Lake Ontario Grid: 224
on_603,Lake Ontario Grid: 603
su_631,Lake Superior Grid: 631
su_632,Lake Superior Grid: 632
su_634,Lake Superior Grid: 634
su_635,Lake Superior Grid: 635
su_636,Lake Superior Grid: 636
su_714,Lake Superior Grid: 714
su_715,Lake Superior Grid: 715
su_716,Lake Superior Grid: 716
su_717,Lake Superior Grid: 717
su_722,Lake Superior Grid: 722
su_723,Lake Superior Grid: 723
su_724,Lake Superior Grid: 724
su_725,Lake Superior Grid: 725
su_726,Lake Superior Grid: 726
su_727,Lake Superior Grid: 727
su_728,Lake Superior Grid: 728
su_729,Lake Superior Grid: 729
su_730,Lake Superior Grid: 730
su_731,Lake Superior Grid: 731
su_732,Lake Superior Grid: 732
su_733,Lake Superior Grid: 733
su_734,Lake Superior Grid: 734
su_736,Lake Superior Grid: 736
su_737,Lake Superior Grid: 737
su_738,Lake Superior Grid: 738
su_739,Lake Superior Grid: 739
su_740,Lake Superior Grid: 740
su_742,Lake Superior Grid: 742
su_743,Lake Superior Grid: 743
su_744,Lake Superior Grid: 744
su_812,Lake Superior Grid: 812
su_813,Lake Superior Grid: 813
su_814,Lake Superior Grid: 814
su_815,Lake Superior Grid: 815
su_816,Lake Superior Grid: 816
su_817,Lake Superior Grid: 817
su_818,Lake Superior Grid: 818
su_820,Lake Superior Grid: 820
su_821,Lake Superior Grid: 821
su_822,Lake Superior Grid: 822
su_823,Lake Superior Grid: 823
su_824,Lake Superior Grid: 824
su_826,Lake Superior Grid: 826
su_827,Lake Superior Grid: 827
su_828,Lake Superior Grid: 828
su_829,Lake Superior Grid: 829
su_830,Lake Superior Grid: 830
su_831,Lake Superior Grid: 831
su_832,Lake Superior Grid: 832
su_833,Lake Superior Grid: 833
su_834,Lake Superior Grid: 834
su_835,Lake Superior Grid: 835
su_836,Lake Superior Grid: 836
su_837,Lake Superior Grid: 837
su_838,Lake Superior Grid: 838
su_839,Lake Superior Grid: 839
su_840,Lake Superior Grid: 840
su_841,Lake Superior Grid: 841
su_842,Lake Superior Grid: 842
su_908,Lake Superior Grid: 908
su_909,Lake Superior Grid: 909
su_910,Lake Superior Grid: 910
su_912,Lake Superior Grid: 912
su_913,Lake Superior Grid: 913
su_914,Lake Superior Grid: 914
su_915,Lake Superior Grid: 915
su_916,Lake Superior Grid: 916
su_917,Lake Superior Grid: 917
su_918,Lake Superior Grid: 918
su_919,Lake Superior Grid: 919
su_920,Lake Superior Grid: 920
su_921,Lake Superior Grid: 921
su_922,Lake Superior Grid: 922
su_923,Lake Superior Grid: 923
su_924,Lake Superior Grid: 924
su_927,Lake Superior Grid: 927
su_928,Lake Superior Grid: 928
su_929,Lake Superior Grid: 929
su_930,Lake Superior Grid: 930
su_931,Lake Superior Grid: 931
su_932,Lake Superior Grid: 932
su_933,Lake Superior Grid: 933
su_935,Lake Superior Grid: 935
su_936,Lake Superior Grid: 936
su_937,Lake Superior Grid: 937
su_938,Lake Superior Grid: 938
su_940,Lake Superior Grid: 940
su_941,Lake Superior Grid: 941
er_124,Lake Erie Grid: 124
er_125,Lake Erie Grid: 125
er_221,Lake Erie Grid: 221
er_224,Lake Erie Grid: 224
er_226,Lake Erie Grid: 226
on_704,Lake Ontario Grid: 704
on_802,Lake Ontario Grid: 802
su_1008,Lake Superior Grid: 1008
su_1009,Lake Superior Grid: 1009
su_1010,Lake Superior Grid: 1010
su_1011,Lake Superior Grid: 1011
su_1012,Lake Superior Grid: 1012
su_1013,Lake Superior Grid: 1013
su_1014,Lake Superior Grid: 1014
su_1015,Lake Superior Grid: 1015
su_1016,Lake Superior Grid: 1016
su_1017,Lake Superior Grid: 1017
su_1018,Lake Superior Grid: 1018
su_1019,Lake Superior Grid: 1019
su_1020,Lake Superior Grid: 1020
su_1021,Lake Superior Grid: 1021
su_1022,Lake Superior Grid: 1022
su_1023,Lake Superior Grid: 1023
su_1024,Lake Superior Grid: 1024
su_1026,Lake Superior Grid: 1026
su_1028,Lake Superior Grid: 1028
su_1029,Lake Superior Grid: 1029
su_1030,Lake Superior Grid: 1030
su_1031,Lake Superior Grid: 1031
su_1032,Lake Superior Grid: 1032
su_1033,Lake Superior Grid: 1033
su_1034,Lake Superior Grid: 1034
su_1035,Lake Superior Grid: 1035
su_1036,Lake Superior Grid: 1036
su_1037,Lake Superior Grid: 1037
su_1038,Lake Superior Grid: 1038
su_1039,Lake Superior Grid: 1039
su_1040,Lake Superior Grid: 1040
su_1041,Lake Superior Grid: 1041
su_1042,Lake Superior Grid: 1042
su_1043,Lake Superior Grid: 1043
su_1107,Lake Superior Grid: 1107
su_1108,Lake Superior Grid: 1108
su_1109,Lake Superior Grid: 1109
su_1110,Lake Superior Grid: 1110
su_1112,Lake Superior Grid: 1112
su_1113,Lake Superior Grid: 1113
su_1114,Lake Superior Grid: 1114
su_1115,Lake Superior Grid: 1115
su_1116,Lake Superior Grid: 1116
su_1117,Lake Superior Grid: 1117
su_1118,Lake Superior Grid: 1118
su_1119,Lake Superior Grid: 1119
su_1120,Lake Superior Grid: 1120
su_1126,Lake Superior Grid: 1126
su_1127,Lake Superior Grid: 1127
su_1128,Lake Superior Grid: 1128
su_1129,Lake Superior Grid: 1129
su_1130,Lake Superior Grid: 1130
su_1131,Lake Superior Grid: 1131
su_1132,Lake Superior Grid: 1132
su_1133,Lake Superior Grid: 1133
su_1134,Lake Superior Grid: 1134
su_1135,Lake Superior Grid: 1135
su_1136,Lake Superior Grid: 1136
su_1138,Lake Superior Grid: 1138
su_1139,Lake Superior Grid: 1139
su_1140,Lake Superior Grid: 1140
su_1141,Lake Superior Grid: 1141
su_1142,Lake Superior Grid: 1142
su_1143,Lake Superior Grid: 1143
su_1144,Lake Superior Grid: 1144
su_1145,Lake Superior Grid: 1145
su_1146,Lake Superior Grid: 1146
su_1204,Lake Superior Grid: 1204
su_1205,Lake Superior Grid: 1205
su_1206,Lake Superior Grid: 1206
su_1207,Lake Superior Grid: 1207
su_1208,Lake Superior Grid: 1208
su_1209,Lake Superior Grid: 1209
su_1210,Lake Superior Grid: 1210
su_1211,Lake Superior Grid: 1211
su_1212,Lake Superior Grid: 1212
su_1213,Lake Superior Grid: 1213
su_1214,Lake Superior Grid: 1214
su_1216,Lake Superior Grid: 1216
su_1217,Lake Superior Grid: 1217
su_1218,Lake Superior Grid: 1218
su_1223,Lake Superior Grid: 1223
su_942,Lake Superior Grid: 942
su_944,Lake Superior Grid: 944
er_602,Lake Erie Grid: 602
er_603,Lake Erie Grid: 603
er_701,Lake Erie Grid: 701
er_702,Lake Erie Grid: 702
er_704,Lake Erie Grid: 704
er_902,Lake Erie Grid: 902
er_903,Lake Erie Grid: 903
er_904,Lake Erie Grid: 904
su_1224,Lake Superior Grid: 1224
su_1225,Lake Superior Grid: 1225
su_1226,Lake Superior Grid: 1226
su_1227,Lake Superior Grid: 1227
su_1228,Lake Superior Grid: 1228
su_1229,Lake Superior Grid: 1229
su_1230,Lake Superior Grid: 1230
su_1231,Lake Superior Grid: 1231
su_1232,Lake Superior Grid: 1232
su_1233,Lake Superior Grid: 1233
su_1234,Lake Superior Grid: 1234
su_1235,Lake Superior Grid: 1235
su_1236,Lake Superior Grid: 1236
su_1237,Lake Superior Grid: 1237
su_1238,Lake Superior Grid: 1238
su_1239,Lake Superior Grid: 1239
su_1240,Lake Superior Grid: 1240
su_1242,Lake Superior Grid: 1242
su_1243,Lake Superior Grid: 1243
su_1244,Lake Superior Grid: 1244
su_1245,Lake Superior Grid: 1245
su_1302,Lake Superior Grid: 1302
su_1304,Lake Superior Grid: 1304
su_1305,Lake Superior Grid: 1305
su_1307,Lake Superior Grid: 1307
su_1308,Lake Superior Grid: 1308
su_1309,Lake Superior Grid: 1309
su_1310,Lake Superior Grid: 1310
su_1311,Lake Superior Grid: 1311
su_1312,Lake Superior Grid: 1312
su_1313,Lake Superior Grid: 1313
su_1314,Lake Superior Grid: 1314
su_1317,Lake Superior Grid: 1317
su_1318,Lake Superior Grid: 1318
su_1323,Lake Superior Grid: 1323
su_1324,Lake Superior Grid: 1324
su_1325,Lake Superior Grid: 1325
su_1329,Lake Superior Grid: 1329
su_1330,Lake Superior Grid: 1330
su_1331,Lake Superior Grid: 1331
su_1332,Lake Superior Grid: 1332
su_1333,Lake Superior Grid: 1333
su_1334,Lake Superior Grid: 1334
su_1335,Lake Superior Grid: 1335
su_1336,Lake Superior Grid: 1336
su_1337,Lake Superior Grid: 1337
su_1338,Lake Superior Grid: 1338
su_1339,Lake Superior Grid: 1339
su_1340,Lake Superior Grid: 1340
su_1341,Lake Superior Grid: 1341
su_1342,Lake Superior Grid: 1342
su_1343,Lake Superior Grid: 1343
su_1344,Lake Superior Grid: 1344
su_1345,Lake Superior Grid: 1345
su_1402,Lake Superior Grid: 1402
su_1403,Lake Superior Grid: 1403
su_1404,Lake Superior Grid: 1404
su_1411,Lake Superior Grid: 1411
su_1412,Lake Superior Grid: 1412
su_1414,Lake Superior Grid: 1414
su_1423,Lake Superior Grid: 1423
su_1429,Lake Superior Grid: 1429
su_1430,Lake Superior Grid: 1430
su_1431,Lake Superior Grid: 1431
su_1432,Lake Superior Grid: 1432
su_1433,Lake Superior Grid: 1433
su_1434,Lake Superior Grid: 1434
su_1435,Lake Superior Grid: 1435
su_1436,Lake Superior Grid: 1436
su_1439,Lake Superior Grid: 1439
su_1440,Lake Superior Grid: 1440
su_1441,Lake Superior Grid: 1441
su_1442,Lake Superior Grid: 1442
su_1443,Lake Superior Grid: 1443
su_1445,Lake Superior Grid: 1445
su_1447,Lake Superior Grid: 1447
su_1510,Lake Superior Grid: 1510
su_1532,Lake Superior Grid: 1532
su_1533,Lake Superior Grid: 1533
su_1534,Lake Superior Grid: 1534
su_1545,Lake Superior Grid: 1545
su_1632,Lake Superior Grid: 1632
su_1645,Lake Superior Grid: 1645
er_117,Lake Erie Grid: 117
er_426,Lake Erie Grid: 426
hu_1510,Lake Huron Grid: 1510
hu_418,Lake Huron Grid: 418
mi_206,Lake Michigan Grid: 206
mi_209,Lake Michigan Grid: 209
mi_2702,Lake Michigan Grid: 2702
mi_2703,Lake Michigan Grid: 2703
mi_2804,Lake Michigan Grid: 2804
mi_2805,Lake Michigan Grid: 2805
mi_2806,Lake Michigan Grid: 2806
mi_307,Lake Michigan Grid: 307
mi_801,Lake Michigan Grid: 801
on_227,Lake Ontario Grid: 227
on_228,Lake Ontario Grid: 228
on_2311,Lake Ontario Grid: 2311
on_624,Lake Ontario Grid: 624
on_625,Lake Ontario Grid: 625
on_626,Lake Ontario Grid: 626
on_627,Lake Ontario Grid: 627
on_918,Lake Ontario Grid: 918
sc_2015,Lake St. Clair Grid: 2015
sc_305,Lake St. Clair Grid: 305
sc_306,Lake St. Clair Grid: 306
su_1007,Lake Superior Grid: 1007
su_1106,Lake Superior Grid: 1106
su_1121,Lake Superior Grid: 1121
su_1122,Lake Superior Grid: 1122
su_1125,Lake Superior Grid: 1125
su_1219,Lake Superior Grid: 1219
su_1220,Lake Superior Grid: 1220
su_127,Lake Superior Grid: 127
su_128,Lake Superior Grid: 128
su_1303,Lake Superior Grid: 1303
su_1306,Lake Superior Grid: 1306
su_1315,Lake Superior Grid: 1315
su_1316,Lake Superior Grid: 1316
su_1327,Lake Superior Grid: 1327
su_1347,Lake Superior Grid: 1347
su_1409,Lake Superior Grid: 1409
su_1410,Lake Superior Grid: 1410
su_1413,Lake Superior Grid: 1413
su_1424,Lake Superior Grid: 1424
su_1428,Lake Superior Grid: 1428
su_1437,Lake Superior Grid: 1437
su_1446,Lake Superior Grid: 1446
su_1509,Lake Superior Grid: 1509
su_1529,Lake Superior Grid: 1529
su_1530,Lake Superior Grid: 1530
su_1531,Lake Superior Grid: 1531
su_1535,Lake Superior Grid: 1535
su_1536,Lake Superior Grid: 1536
su_1544,Lake Superior Grid: 1544
su_1546,Lake Superior Grid: 1546
su_1646,Lake Superior Grid: 1646
su_1647,Lake Superior Grid: 1647
su_223,Lake Superior Grid: 223
su_225,Lake Superior Grid: 225
su_228,Lake Superior Grid: 228
su_231,Lake Superior Grid: 231
su_232,Lake Superior Grid: 232
su_320,Lake Superior Grid: 320
su_324,Lake Superior Grid: 324
su_331,Lake Superior Grid: 331
su_332,Lake Superior Grid: 332
su_418,Lake Superior Grid: 418
su_419,Lake Superior Grid: 419
su_420,Lake Superior Grid: 420
su_423,Lake Superior Grid: 423
su_520,Lake Superior Grid: 520
su_521,Lake Superior Grid: 521
su_522,Lake Superior Grid: 522
su_523,Lake Superior Grid: 523
su_537,Lake Superior Grid: 537
su_617,Lake Superior Grid: 617
su_619,Lake Superior Grid: 619
su_620,Lake Superior Grid: 620
su_621,Lake Superior Grid: 621
su_622,Lake Superior Grid: 622
su_637,Lake Superior Grid: 637
su_718,Lake Superior Grid: 718
su_719,Lake Superior Grid: 719
su_720,Lake Superior Grid: 720
su_721,Lake Superior Grid: 721
su_810,Lake Superior Grid: 810
su_819,Lake Superior Grid: 819
su_843,Lake Superior Grid: 843
su_925,Lake Superior Grid: 925
su_926,Lake Superior Grid: 926
su_939,Lake Superior Grid: 939
su_943,Lake Superior Grid: 943
mi_116,Lake Michigan Grid: 116
mi_2707,Lake Michigan Grid: 2707
on_124,Lake Ontario Grid: 124
on_125,Lake Ontario Grid: 125
sc_2115,Lake St. Clair Grid: 2115
su_0,Lake Superior Grid: 0
su_1006,Lake Superior Grid: 1006
su_1045,Lake Superior Grid: 1045
su_1105,Lake Superior Grid: 1105
su_1124,Lake Superior Grid: 1124
su_1400,Lake Superior Grid: 1400
su_1408,Lake Superior Grid: 1408
su_1634,Lake Superior Grid: 1634
su_226,Lake Superior Grid: 226
er_mu_mich,MICH
er_mu_ny,NY
er_mu_o1,O1
er_mu_o2,O2
er_mu_o3,O3
er_mu_oe3,OE3
er_mu_oe5,OE5
er_mu_penn,PENN
hu_mu_mh1,MH1
hu_mu_mh2,MH2
hu_mu_mh3,MH3
hu_mu_mh4,MH4
hu_mu_mh5,MH5
hu_mu_mh6,MH6
hu_stat_dist_gb1,GB1
hu_stat_dist_gb3,GB3
hu_stat_dist_gb4,GB4
hu_stat_dist_nc1,NC1
hu_stat_dist_nc2,NC2
hu_stat_dist_nc3,NC3
hu_stat_dist_oh1,OH1
mi_mu_mm1,MM1
mi_mu_mm3,MM3
mi_mu_mm4,MM4
mi_mu_wm1,WM1
on_mu_no1,NO1
on_mu_no2,NO2
on_mu_no3,NO3
on_mu_oo1,OO1
on_mu_oo2,OO2
on_mu_oo3,OO3
on_mu_oo4,OO4
sc_mu_sc_mi,SC_MI
sc_mu_sc_on,SC_ON
su_mu_m1,M1
su_mu_m2,M2
su_mu_m3,M3
su_mu_ms1,MS1
su_mu_ms2,MS2
su_mu_ms3,MS3
su_mu_ms4,MS4
su_mu_ms5,MS5
su_mu_ms6,MS6
su_mu_os1,OS1
su_mu_os7,OS7
su_mu_wisc,WISC
su_mu_ms7,MS7
su_mu_ms8,MS8
mi_mu_wm,WM
mi_mu_mm123,MM123
hu_qma_5-3,5-3
hu_qma_5-6e,5-6E
hu_qma_5-7,5-7
hu_qma_6-1,6-1
mi_mu_wm4,WM4
hu_stat_dist_gb2,GB2
su_mu_os6,OS6
mi_mu_wm6,WM6
mi_mu_wm5,WM5
mi_mu_mm2,MM2
er_mu_oe4,OE4
er_mu_oe1,OE1
hu_qma_zone3,Zone3
hu_stat_dist_oh3,OH3
hu_stat_dist_oh5,OH5
mi_mu_il,IL
hu_qma_4-5,4-5
mi_mu_mm6,MM6
mi_mu_mm5,MM5
mi_mu_mm7,MM7
mi_mu_wm2,WM2
mi_mu_wm3,WM3
on_mu_oo5,OO5
hu_qma_4-1,4-1
su_mu_os2,OS2
su_mu_os3,OS3
su_mu_os5,OS5
hu_qma_6-3,6-3
hu_qma_zone1,Zone1
hu_qma_5-1,5-1
hu_qma_5-2,5-2
hu_qma_5-4,5-4
hu_qma_5-5,5-5
hu_qma_4-2,4-2
hu_qma_5-9,5-9
hu_qma_4-3,4-3
hu_stat_dist_oh2,OH2
hu_qma_zone2,Zone2
hu_qma_5-3n,5-3N
su_mu_os4,OS4
mi_mu_in,IN
mi_mu_mm8,MM8
er_mu_oe2,OE2
hu_stat_dist_oh4,OH4
